{
	"loader": "fusion:model",
   "type": "connecting",
   "connections": [
        {
         "type": "is_same_block"
        },
		{
			"type": "match_block",
            "block": "mekanism:thermal_evaporation_valve"
		},
		{
			"type": "match_block",
            "block": "mekanism:thermal_evaporation_controller"
		}
    ],
  "parent": "minecraft:block/cube_bottom_top",
  "textures": {
       "side":"mekanism:block/thermal_evaporation_block_3",
	   "top":"mekanism:block/thermal_evaporation_block_top",
	   "bottom":"mekanism:block/thermal_evaporation_block_top"
    }
}