{
	"loader": "fusion:model",
   "type": "connecting",
   "connections": [
        {
         "type": "is_same_block"
        },
		{
			"type": "match_block",
            "block": "mekanism:thermal_evaporation_block"
		},
		{
			"type": "match_block",
            "block": "mekanism:thermal_evaporation_valve"
		}
    ],
  "parent": "mekanism:block/machine_front_led",
  "textures": {
        "sides":"mekanism:block/thermal_evaporation_block",
		"top":"mekanism:block/thermal_evaporation_block_top",
	    "bottom":"mekanism:block/thermal_evaporation_block_top",
		"front":"mekanism:block/thermal_evaporation_controller",
		"front_led":"mekanism:block/thermal_evaporation_controller_on_led"
    }
}